{
  "meta": {
    "timestamp": "2026-05-28T11:00:19.314155",
    "purpose": "Publishable-grade methodology upgrade in response to Perplexity review"
  },
  "1_clustered_se_keyword_level": {
    "n": 21891,
    "n_clusters": 2862,
    "r2": 0.0115,
    "path_length_beta": 0.005019,
    "path_length_se": 0.001453,
    "path_length_pval": 0.000553,
    "ci_low": 0.00217,
    "ci_high": 0.007867
  },
  "2_ordered_logit": {
    "method": "OrderedLogit (4 buckets: top/high/mid/low)",
    "n": 21891,
    "path_length_logit_beta": 0.002262,
    "path_length_logit_se": NaN,
    "path_length_logit_pval": NaN,
    "odds_ratio_per_char": 1.002265,
    "interpretation": "OR = 1.0023 → pro zusaetzlichem URL-Zeichen aendern sich die Odds, in eine schlechtere Position-Klasse zu rutschen, um diesen Faktor",
    "convergence": "True"
  },
  "3_cubic_spline": {
    "method": "Cubic Spline (degree=3, 3 knots at quantiles)",
    "n": 21891,
    "n_clusters": 2862,
    "r2": 0.0134,
    "f_stat_spline_joint": 8.9783,
    "f_pval_spline_joint": 0.0,
    "predicted_curve_path_length": [
      0.0,
      0.8585858585858586,
      1.7171717171717171,
      2.5757575757575757,
      3.4343434343434343,
      4.292929292929292,
      5.151515151515151,
      6.01010101010101,
      6.8686868686868685,
      7.727272727272727,
      8.585858585858585,
      9.444444444444445,
      10.303030303030303,
      11.16161616161616,
      12.02020202020202,
      12.878787878787879,
      13.737373737373737,
      14.595959595959595,
      15.454545454545453,
      16.31313131313131,
      17.17171717171717,
      18.03030303030303,
      18.88888888888889,
      19.747474747474747,
      20.606060606060606,
      21.464646464646464,
      22.32323232323232,
      23.18181818181818,
      24.04040404040404,
      24.8989898989899,
      25.757575757575758,
      26.616161616161616,
      27.474747474747474,
      28.333333333333332,
      29.19191919191919,
      30.05050505050505,
      30.909090909090907,
      31.767676767676768,
      32.62626262626262,
      33.484848484848484,
      34.34343434343434,
      35.2020202020202,
      36.06060606060606,
      36.91919191919192,
      37.77777777777778,
      38.63636363636363,
      39.494949494949495,
      40.35353535353535,
      41.21212121212121,
      42.07070707070707,
      42.92929292929293,
      43.78787878787879,
      44.64646464646464,
      45.505050505050505,
      46.36363636363636,
      47.22222222222222,
      48.08080808080808,
      48.93939393939394,
      49.7979797979798,
      50.656565656565654,
      51.515151515151516,
      52.37373737373737,
      53.23232323232323,
      54.090909090909086,
      54.94949494949495,
      55.80808080808081,
      56.666666666666664,
      57.525252525252526,
      58.38383838383838,
      59.24242424242424,
      60.1010101010101,
      60.95959595959596,
      61.81818181818181,
      62.676767676767675,
      63.535353535353536,
      64.39393939393939,
      65.25252525252525,
      66.11111111111111,
      66.96969696969697,
      67.82828282828282,
      68.68686868686868,
      69.54545454545455,
      70.4040404040404,
      71.26262626262626,
      72.12121212121212,
      72.97979797979798,
      73.83838383838383,
      74.69696969696969,
      75.55555555555556,
      76.41414141414141,
      77.27272727272727,
      78.13131313131314,
      78.98989898989899,
      79.84848484848484,
      80.7070707070707,
      81.56565656565657,
      82.42424242424242,
      83.28282828282828,
      84.14141414141415,
      85.0
    ],
    "predicted_curve_position": [
      5.379036586916034,
      5.43723037898321,
      5.492847620131047,
      5.545882385963555,
      5.596328752084743,
      5.644180794098618,
      5.689432587609191,
      5.732078208220467,
      5.772111731536458,
      5.80952723316117,
      5.8443187886986125,
      5.876480473752793,
      5.906006363927722,
      5.932890534827407,
      5.957127062055856,
      5.978710021217078,
      5.997633487915081,
      6.013891537753874,
      6.027478246337466,
      6.038387689269865,
      6.046613942155079,
      6.052151080597117,
      6.054993180199987,
      6.0551692720948544,
      6.052915311791247,
      6.048543114841647,
      6.042364611613575,
      6.034691732474546,
      6.025836407792078,
      6.016110567933688,
      6.005826143266893,
      5.99529506415921,
      5.984829260978157,
      5.97474066409125,
      5.965341203866007,
      5.956942810669945,
      5.94985741487058,
      5.94439694683543,
      5.9408456393106945,
      5.9392293514717505,
      5.939433199324428,
      5.941340884869665,
      5.944836110108398,
      5.949802577041566,
      5.9561239876701055,
      5.963684043994952,
      5.972366448017045,
      5.98205490173732,
      5.992633107156716,
      6.003984766276168,
      6.015993581096615,
      6.028543253618993,
      6.04151748584424,
      6.054799979773293,
      6.06827443740709,
      6.081824560746567,
      6.09533405179266,
      6.108686612546309,
      6.121765945008449,
      6.134464758881498,
      6.146750433080129,
      6.158627267025079,
      6.170099822537123,
      6.181172661437045,
      6.19185034554562,
      6.202137436683629,
      6.21203849667185,
      6.221558087331061,
      6.230700770482041,
      6.23947110794557,
      6.247873661542425,
      6.2559129930933866,
      6.263593664419231,
      6.270920237340739,
      6.277897273678691,
      6.28452933525386,
      6.290820983887031,
      6.296776781398979,
      6.302401289610485,
      6.307699070342324,
      6.3126746854152795,
      6.317332696650128,
      6.321677665867648,
      6.325714154888619,
      6.32944672553382,
      6.3328799396240285,
      6.336018358980024,
      6.338866545422585,
      6.341429060772491,
      6.343710466850519,
      6.34571532547745,
      6.347448198474061,
      6.348913647661131,
      6.350116234859441,
      6.351060521889766,
      6.351751070572888,
      6.352192442729583,
      6.352389200180633,
      6.352345904746814,
      6.352067118248907
    ],
    "knots": [
      19.0,
      32.0,
      50.0
    ]
  },
  "4_no_wordcount_multicollinearity_fix": {
    "n": 21891,
    "n_clusters": 2862,
    "r2": 0.0115,
    "path_length_beta": 0.006666,
    "path_length_se": 0.000961,
    "path_length_pval": 0.0,
    "ci_low": 0.004783,
    "ci_high": 0.008549
  },
  "comparison_v2_full_model_hc3": {
    "method": "OLS HC3 (v2)",
    "n": 22250,
    "path_length_beta": 0.003612,
    "path_length_se": 0.001725,
    "path_length_pval": 0.0356,
    "ci_low": 0.000231,
    "ci_high": 0.006994
  }
}